Name,Email,"Phone Number",ID,Username,"Favorite Word"
"Lelah Kerluke",jettie95@gmail.com,240-373-0976,0be1889c-81f1-32ab-b410-a3354b8a05c2,anderson.michaela,ut
"Kirk Roberts",ebony97@gmail.com,"(385) 216-6454",fadce560-97ec-3365-8799-49ff55f0279b,ystiedemann,eos
"Miss Jany Bogisich",britney.schowalter@jacobson.com,+1.478.468.4014,,rkozey,magnam
"Prof. Orlo Mann",alphonso.vonrueden@boehm.com,321.965.5109,51e98775-451c-339f-bc8c-ea2350505a91,sanford19,dolor
"Mrs. Leilani Carter",jerald.skiles@mcclure.com,+1.779.793.9980,5715b976-e43c-314f-9ad2-573b12511199,langosh.dock,dolor
"Reinhold Lowe",bkuhlman@yahoo.com,"(682) 375-7078",7bc74fcb-4b2e-3643-830b-b6c00373d256,elda12,occaecati
"Maryjane Bauch",chad.tromp@hotmail.com,+1.907.815.7597,094ae5fa-1d95-3dcd-af2c-9cc4d6d6eb60,qgrant,veritatis
"Yolanda Mayar",alford29@bahringer.net,843-215-8234,8034dcba-dc63-37bb-8b07-7476824c8ba9,otto58,fugit
"Princess Moore",kihn.germaine@yahoo.com,+1-832-546-9382,68588282-d003-35c4-85f9-c8fc7436fb82,matilda.hermann,ex
"Darwin Bernhard MD",schuppe.vesta@dooley.com,1-364-336-2039,2254e3e5-55f5-3ff7-a63d-36e87ca401ca,kuhn.lillie,quam
"Mateo Kunde",margot55@mills.biz,1-315-230-6401,e2a4dd68-dc1d-3c4f-a20f-ddfcb80628f2,bdeckow,tempore
"Grayson Farrell DDS",adonis95@gmail.com,+1-856-883-4347,55c54628-7e5d-3f5b-b8ce-415ddbbe636d,arely.wolf,et
"Angeline Stracke",zachary70@ward.com,531-554-1296,b0bed034-fc72-3d3f-9f78-f62da6acdf86,jo29,ea
"Kirsten Rutherford",blaze19@hotmail.com,"+1 (520) 290-4406",2c66cb54-4e4b-3636-8a7c-148ff4473b56,deven72,magnam
"Richie Goyette",marcia.grady@ankunding.info,+19048723019,81c0136f-3feb-3ef4-bdd6-1e34891c3764,slesch,facilis
"Yolande Mayer",alford29@bahringer.net,843-215-8234,8034dcba-dc63-37bb-8b07-7476824c8ba9,otto58,fugit
"Alexie Rippin",pwehner@gmail.com,1-681-674-3414,1676d8d8-2696-3945-a7eb-2d5ee2837795,hessel.briana,temporibus
"Filiberto Anderson II",mrogahn@dibbert.biz,"(281) 275-0821",31d9865e-43be-3049-9476-72df993afbcc,abernathy.katrine,a
"Sidney Connelly",augustus.haley@hickle.com,"(339) 218-0644",e14c9059-9933-3556-aea0-58138eb4a431,summer94,nihil
"Maiya Hills",chelsey.runolfsson@hotmail.com,+13515758840,68669eee-6be4-376f-a089-485160abb3d4,gwendolyn23,perferendis
"Rozella Swaniawski",maggio.marques@hotmail.com,+1.331.761.8273,f590632a-299b-3e88-b302-d3c72524c07a,rhamill,itaque
"Solon Herzog I",jgerlach@yahoo.com,"(978) 875-3431",3d4b6417-101d-30ff-8414-4458d432b2a7,lockman.gayle,quasi
"Mr. Doyle Bergstrom",stokes.timothy@hotmail.com,+12513174144,5230f6cf-f220-326f-b41e-25f1a397604b,milford82,perspiciatis
"Noah Bernier",vohara@hauck.com,"(267) 700-8545",8baf988a-8ad8-33ee-b4e1-3e3d3045ba34,hermann71,provident
"Katelin Ullrich",towne.dario@abernathy.org,205.767.2611,a9ba2954-4b22-35ba-bdfd-a7d0812a0961,wiza.ada,dolorem
"Ms. Rowena Rau",ellsworth.green@reichert.com,928-986-9409,66bacf52-131c-3a66-94d4-edbed8394152,adriel35,molestias
"Merl Russel",gorczany.emilia@yahoo.com,+1-586-350-6815,960461db-d121-3db9-b2ec-6e086f417f74,lang.ellis,et
"Glen Leannon",bode.domenic@yahoo.com,+16618933166,4a394f5e-8f4e-3f9b-b578-524b060946af,fkuhic,sequi
"Ms. Josiane Wehner",golda19@stroman.com,"(567) 332-8345",48c1afc4-58f9-326b-b275-04907ed8fb2f,jgrady,corporis
"Alexandrine Kiehn MD",hernser@gmail.com,+1.757.215.8058,0ba157f9-f7a9-3280-9fb3-f8d15e5e3379,ariel.rippin,adipisci
"Jermey Lakin Jr.",luciano.funk@schuppe.info,1-754-956-2494,3b723940-ba4d-364b-8b32-23e81bc4f9c4,dorian.powlowski,quia
"Mr. Jack Homenick",vosinski@hotmail.com,"(234) 391-9587",c465f68f-8d5d-3cd6-bc4e-4eea94885502,shyanne57,voluptas
"Davin Schmidt",ostamm@hotmail.com,+1-734-464-2619,2f686b4e-980e-31e7-b096-ed150c5d61dc,dejah94,aliquam
"Jayda Grady",tyrese70@hotmail.com,445-957-6985,f726315d-1839-329f-b479-4af2a60b5962,bfeil,accusamus
"Jovanny Sauer",stokes.zechariah@waters.com,986-218-8706,ad97ebc9-64e0-35c8-8525-8221d5034116,leone.stark,quam
"Anibal Botsford",curtis35@hotmail.com,1-985-275-6668,d07382c3-35e9-3e5b-94f8-5d83743fae54,pgreen,sint
"Joel Schuppe",olson.brennon@schmeler.com,425-315-5629,61bbda7d-f0d4-37c8-968b-ee9ba19b754a,vcollins,ut
"Ernestine Nader",hoppe.junior@gmail.com,1-240-526-5039,3efea6be-1f20-3bf3-83bf-48ac5f1232c8,qspinka,quaerat
"Daija Schowalter",giovanny.watsica@gmail.com,1-660-525-5904,dee30df3-a5ba-30b6-b431-c14af42218dc,hbayer,sapiente
"Sandra Metz",martina48@farrell.biz,631.297.1846,1a74f014-cf6d-315a-9e27-9c9bfa284d1d,herta.dach,eligendi
"Yolanda Mayers",alford29@bahringer.net,843-215-8234,8034dcba-dc63-37bb-8b07-7476824c8ba9,otto58,fugit
"Mr. Jeramy Pfannerstill",brain49@yahoo.com,"+1 (279) 947-1803",96204ba9-a1eb-303f-9b06-0cc70cfb0b00,hintz.ibrahim,assumenda
,dominique71@turcotte.com,+1-352-866-3410,4a7a97d2-e139-3695-8092-f5df68015221,vtoy,molestias
"Dr. Melyna Hane",alba.toy@hammes.com,"(469) 260-3009",2148afc6-532b-36e0-bf95-56767741b403,katelynn71,porro
"Prof. Katlynn Mohr I",ryder64@yundt.com,1-409-569-1603,ab30bd3a-987c-36e3-a7a6-ad17853be105,akling,doloremque
"Erling Hodkiewicz Jr.",concepcion.wisozk@stark.com,1-978-339-4705,04ef5573-8d17-3a99-b247-b44c6a7e9df9,dkunde,fugiat
"River Tremblay",quentin28@konopelski.com,878-613-5024,d9cc9214-0247-366f-b7df-01a415cc42fa,zena.zulauf,dolorem
"Mr. Ian Erdman",sigrid.gutkowski@bauch.com,"(707) 244-5252",a9d7ded8-aa80-3b02-a189-41d8cca5b96c,joana.fadel,porro
"Violette Hand",hessel.emiliano@hane.com,+1-580-594-7861,d333eb87-97b9-3b8a-aa3c-a15cc813c6b3,leuschke.lisa,dolorum
"Madison Blanda DVM",jamey.rohan@greenholt.com,"+1 (915) 523-7776",1d399955-d3e9-311e-8fe7-76c5159d1211,haley68,mollitia
"Bill Friesen",ncrona@gmail.com,"(574) 957-8546",8cd06185-84b5-3a7b-bae4-045b9dba2368,tgaylord,velit
"Teresa Greenfelder Jr.",willms.sandra@von.com,657.482.6135,256fa081-94a8-3d4e-9333-22744b7e96bc,elva91,dignissimos
"Turner Schulist II",schinner.lora@schaden.com,"+1 (878) 432-5489",43dd7d78-84c3-38c5-8806-a89181b4239a,jacobi.vivien,quo
"Asa Hilpert",tromp.granville@toy.com,810.297.8180,18470f35-952a-340d-96b2-22ee61f97e0e,whermann,quia
"Marian Hills",qmarquardt@rosenbaum.com,"(539) 549-4865",f75636cf-f114-3e9b-8a08-0352c6980af4,uwitting,est
"Roselyn Rodriguez",zion.schultz@stark.com,603-349-0223,826d48a9-b59a-3a10-b17d-4f0811144af7,monahan.lisette,at
"Ms. Aylin Ryan",ritchie.dandre@simonis.info,1-458-465-9876,8c799796-0f48-3ed6-8255-1e398842fe83,dovie.cole,qui
"Genevieve Rau",colton.mckenzie@hotmail.com,1-916-263-5603,7795634b-b398-3c49-a67d-d88ad80b8f7e,kuphal.germaine,quos
"Willy Hansen",dreinger@halvorson.com,+1-231-793-1309,a4e7a7ce-f4f3-34d3-bf10-4a40b96cc0a1,jennings.abshire,magni
"Meagan Rowe",mckenzie.sipes@grimes.com,+1-551-822-9158,e52a79c1-eaab-343d-987e-1937dcd418c9,pkuhlman,doloribus
"Mr. Laverne Daugherty PhD",effertz.alena@hotmail.com,"(623) 506-3649",bea03163-8358-3f8e-a0a7-7359c2950b5a,reilly.rosa,cupiditate
"Nadia Hudson",ldaniel@wilkinson.com,681.871.4706,59dfa551-5b85-328d-9f94-c33199898c66,zola12,amet
"Jimmy Pouros",drice@williamson.com,+1.954.886.0269,4fb5b7b3-fb12-3a50-9a6d-eafec68022e7,luettgen.christopher,voluptas
"Dr. Myrtie Hirthe IV",lakin.reid@doyle.net,1-910-839-0038,2f3cbe6d-b027-3806-a77f-3afe2025d811,emmie70,modi
"Karlee Shanahan V",welch.ernest@bahringer.org,"(715) 716-5241",cdfbbcdd-001a-3846-9947-0d4d198269b0,wilbert94,deserunt
"Leonor Von",dare.kyle@upton.info,1-531-719-3387,0826c65b-7592-3430-954e-7086956195f0,fbosco,esse
"Darren Reichel",makayla.smitham@yahoo.com,+1-512-396-6093,261ed697-c05a-3f1e-b6b2-8b403697d61f,kenya47,reprehenderit
"Emil Harber DDS",kathleen.wehner@yahoo.com,1-754-304-1212,e259f5c1-f4c3-3263-b657-247cb096ffa9,kavon55,quo
"Yasmeen Haley",rhickle@gmail.com,"+1 (970) 521-4919",be765003-8c5e-389f-b18a-0069ead270ec,fadel.keshaun,vero
"Waldo Senger DDS",jordon94@crona.com,726.305.7653,45b4ca74-a909-33ce-8238-d621006abfb5,littel.lura,est
"Heber Fritsch",onienow@hotmail.com,"+1 (512) 488-0399",0c0dd777-747d-33e1-8a1d-ca9cea2ca8c7,davis.theron,saepe
"Keenan Corwin",johnny.larkin@daniel.com,1-252-209-5856,d575935c-ea4f-380a-a1d1-280927f8789e,pkessler,rerum
"Madilyn Turner",kglover@hotmail.com,+12409736294,eea4b5ab-86fb-31bc-a8c7-c55aafeba567,fahey.jane,quia
"Arch Tillman",josiane51@williamson.com,"(410) 375-5688",33dbf199-ca1c-3755-8c82-f712f4b3c0cf,mohr.winona,aperiam
"Jimmy McGlynn",qlittle@feil.com,+1-831-987-5590,ff0ac589-3daf-30d6-96cc-482888b39f1d,xsteuber,illo
"Darian Davis",margaretta.murray@okuneva.org,+14346620088,5adc574c-8fc0-32e2-afc3-a5b3eefdc018,nichole.lind,atque
"Ms. Alana Gulgowski",karlee74@hotmail.com,616-585-3031,819c32d0-2b84-3238-a811-7d781c256349,noah31,est
"Kayli Bednar",kuphal.curtis@beahan.net,"(951) 306-9899",5d3475d3-a364-37a4-8ccd-5146148318f3,marlon.gibson,dolore
"Dr. Maymie Morar",iframi@fadel.net,+1-707-478-2865,2e238723-f26a-303b-9b7d-9e7e84235151,jedediah06,nemo
"Miss Shanna Kiehn",tate35@ebert.com,+1-951-468-2264,f819a797-2386-34eb-9b67-80f3a4e3d33f,ward.crawford,veritatis
"Mrs. Elissa Graham Jr.",rmraz@mclaughlin.com,650.223.5606,4901cfb0-2ece-359b-8aca-d73151db9b36,hortense46,quia
"Sabina Gaylord",pouros.brooklyn@botsford.com,+1-760-581-2196,6d7a7704-416b-3483-9a5a-df489b8276bc,carolyne77,officiis
"Tracy Raynor I",leta09@gmail.com,"(424) 645-2543",91aaa3c8-8abe-31bb-8226-e0bf7a5ec0ab,margret.corkery,aut
"Dr. Erika Beer",rebecca.gerlach@gmail.com,267.538.0179,,garrett.christiansen,repellat
"Ms. Era Schneider",brian94@powlowski.org,+1-239-446-8137,c901587e-912a-3490-8980-4072218c89bb,trudie.lemke,minima
"Gladys Daniel",wschaden@yahoo.com,"+1 (501) 441-7983",3d215ac3-74ab-3c38-a9dc-b7d195e6df72,rrolfson,et
"Webster Sanford",sdickinson@schaefer.info,662-418-4266,f9896d8a-e21d-3ebe-8f4a-2d8318c51bb5,julie.harris,aut
"Samanta White",itzel.crona@schowalter.com,442-665-4477,9dd7f941-cb19-3f79-a7ef-9c6271542d70,dkoepp,qui
"Zola Glover",kkris@yahoo.com,341-607-5630,ce3a9307-36f3-3b4b-aefd-d6126c35b5e9,heathcote.maximo,eius
"Prof. Hadley Jones",dwight.okeefe@yahoo.com,"+1 (605) 312-1634",15da0a78-e2fa-331d-9a1b-a8bcf820c833,curtis.ledner,dolor
"Dr. Antonia Glover I",johnson.ila@hotmail.com,757-364-7339,58a51913-355d-37c4-b994-2d4e51adb3d4,kmacejkovic,minima
"Janiya Grant",grayce.nienow@lubowitz.net,337-226-5784,64d2ce45-d4c2-3b98-b634-b19472099b5a,taya.strosin,nulla
"Katelynn Leuschke",mabel63@yahoo.com,"+1 (220) 551-9211",afc45016-ed0c-3c29-bff6-b83c21efd8f1,adonis03,sunt
"Lelah Bins MD",ward.mckenzie@yahoo.com,"(225) 718-6821",ef7685b5-0520-3e93-a088-cf3f3124ba52,schmeler.aubree,odio
"Fermin Leuschke",wisozk.carlos@tremblay.net,352-236-5621,e1d34539-41d4-33ca-b2b7-b48365f06993,murazik.gussie,quia
"Jayson Hettinger",legros.josie@kohler.com,+15599769600,0b80ad7a-65f5-3421-a8e3-2d57f9421cee,candido16,esse
"Melvina Christiansen",bwiza@hotmail.com,"(732) 958-6423",3df017c4-0365-39f3-9b1d-2fcb0a630dad,lowe.jermain,eum
"Prof. Cecil Homenick",egleason@gmail.com,1-561-694-9127,26d53bde-5395-3902-b938-1e39592f869e,gerson.parker,magnam
"Larissa Mante",cprohaska@buckridge.com,959.707.8578,8374bf84-f4ad-3d22-9bef-b7b49821e622,dayne.schumm,aut
"Westley Beahan",aniyah.carroll@nienow.biz,1-850-359-8565,df3f722e-0851-30c9-ace5-7b25cf20aca1,nathaniel65,aliquam
"Larissa Connelly II",jermaine.mueller@grant.biz,"(609) 556-2917",e76468c8-1999-3cba-8832-fa6aff78b41c,schamberger.suzanne,dolores
,rosanna.beahan@jacobson.com,"+1 (424) 822-1044",5b2379b7-fb8b-34cc-8633-a9381c1270f3,wilderman.aileen,ducimus
"Lorna Ferry",eokon@yahoo.com,"(219) 204-3630",99b3ab4f-0a46-3a88-9a3e-d34b8ebaccf0,colin.bergstrom,dicta
"Miss Samanta Fadel IV",clair13@gmail.com,435-825-5670,370dd0d2-1852-3ede-b722-eee9acd62db4,lucious39,aliquam
"Serenity Larson",alvera.quitzon@hotmail.com,"(717) 275-3260",0004ec43-30ae-31eb-8441-9525213d32ea,baufderhar,nostrum
"Ella Schultz",mcglynn.pasquale@gmail.com,"(206) 287-3568",800203fb-77a0-3b83-a5f2-623bf806c92a,yhayes,cum
"Ms. Guadalupe Reichel",jennings50@langworth.com,+16263678876,40a64e7e-3310-3f0c-b529-21b1a7a998ec,britney.ankunding,voluptas
"Dr. Mariano Wiegand",tillman.hazle@gmail.com,360.538.2259,c7d96aed-d1da-3cf8-86b7-8018d4698c8e,mraz.clark,cupiditate
"Tiara Larkin",domenico.mueller@mcclure.com,+1.580.968.9246,,sanford.monserrate,consequatur
"Kiara Conroy",samara.mckenzie@ritchie.com,"(530) 619-2250",88707df3-494d-34e4-ab3f-fff8f8c81886,mraz.neha,repellendus
"Mrs. Juana Jerde MD",larkin.donald@adams.net,+15159632764,afddd82a-f8e6-3895-84ed-5f6f2bd1b911,dprosacco,non
"Jayden Will",keeley65@hotmail.com,+1-304-924-3878,7b0cc4ca-749b-3996-af66-c3c0393efe17,bode.bennett,accusantium
"Isai Smitham",quitzon.vivianne@yahoo.com,+12836271925,8edf3e1c-078c-3683-b954-11b45a84993c,alena.bailey,at
"Aditya O'Conner",eldora75@rodriguez.net,248-264-6790,ccb78865-f2b5-3e7f-9bb1-c5a5ee176eb1,hayes.maddison,sint
"Sandy Erdman MD",hkulas@lesch.com,+1-361-304-6124,,jborer,qui
"Ms. Polly Jaskolski DDS",okon.percival@hotmail.com,"+1 (820) 793-7466",39676578-87bf-39cb-8ceb-b96b89af0e9e,trantow.grace,quas
"Prof. Eunice Stark",shaylee.becker@yahoo.com,"+1 (307) 201-4362",f3c0eba8-c7cb-30e5-841d-f1d7f548a124,mclaughlin.shanna,dolor
"Brown Miller",jenkins.ernest@gmail.com,1-657-661-8459,f487b607-50da-3600-a87f-5a8b3d841898,oarmstrong,sint
"Jarvis Berge",reta.friesen@spinka.org,830.362.5513,4a15283b-d14b-3cee-9fd6-5123f12d1aa5,maryjane59,adipisci
"Brandi Hessel",tyrel96@gmail.com,+1-267-674-8529,663ceda2-dfd7-3ef5-9aa6-06c94e91d6b4,lwiegand,odio
"Dr. Nolan Auer MD",bednar.kathlyn@yahoo.com,+12542422601,280a5118-d68e-3df0-8579-4a8caa1f6a91,marianne.bahringer,quidem
"Franz Bartell",kilback.faustino@gmail.com,678-804-6977,2499fdb7-7b59-3f64-9d9a-23b38a45de8c,ghomenick,dolore
"Bo Rice",mertie.nienow@hotmail.com,+12488670476,697ebe40-a2a3-3836-8a7e-23431aca0b23,rosenbaum.kevin,consequatur
"Theron McKenzie",stroman.ted@donnelly.com,"(281) 608-2987",b75fd3de-0803-35ef-90cb-1c54909a7dfc,ycruickshank,sit
"Nora Barrows",rey.upton@hermiston.com,+1-952-715-0423,6a1cbd22-5701-32b3-8588-e6623627870a,gromaguera,autem
"Ellen Senger",erling12@swaniawski.biz,1-769-867-3692,12d6a238-dd37-36a5-b3b7-18b606f2de71,lea.sauer,sequi
"Shayna Jaskolski",wtromp@yahoo.com,"(516) 222-8174",fec38bd4-b7c5-3005-a512-76e31a91916e,idach,voluptas
"Ms. Karina D'Amore I",maymie.jacobi@yahoo.com,"(725) 419-6853",2d299746-3104-39e4-b924-0fdbdefafe13,fhammes,minus
,adriana.cruickshank@hilpert.com,"+1 (929) 308-1843",b9d2093a-e635-3fd4-92f8-bf6783e0ade8,akeem.mcdermott,blanditiis
"Caden Ondricka",jaylin.paucek@yahoo.com,1-386-785-6932,8b2a89cb-cd3d-392b-9f0a-c7848c3cdb57,meta.wolff,rem
"Prof. Tristin Reynolds",jbraun@yahoo.com,+1-509-444-2795,3c71059e-ad48-36b2-ac5d-4b5844658f1c,mhilpert,quam
"Jacques Rutherford",xrussel@yahoo.com,1-847-802-8748,0506e4ef-2896-395c-a4ad-72d538bf7135,phill,voluptatem
"Garnet Sipes",karlee.white@gmail.com,878-855-9845,2c2f186e-208e-38e6-ae3a-0afc9aa361ad,wbrakus,quae
"Lemuel Gutkowski",uemmerich@hotmail.com,+13602512961,e90c0e3e-6730-3928-8dd4-2b853b66ab8f,oconnell.waino,corrupti
"Porter Schuster II",tkoepp@schmeler.info,1-757-845-4594,f94c6bd2-540e-3e47-a91f-c13b55be19b4,peggie.kassulke,ratione
"Dr. Ron Armstrong",susan46@yahoo.com,+19175686959,b476330d-abd6-3f55-975b-2913e98ccaec,donnelly.domenick,corporis
"Jake Greenholt IV",hermiston.theo@gmail.com,814-894-4749,6dca95f4-077a-3e0c-a388-9cfcffe9b3cc,herzog.caleb,mollitia
"Mr. Gay Raynor",hfeest@yahoo.com,1-463-251-6989,3e9064ec-e6bb-303e-89a0-b319671a800e,reanna.murray,deserunt
"Domenic Braun III",price.amir@ritchie.com,"(838) 538-3948",5b77811f-d15d-304a-9356-7ba57b479b32,rdenesik,facilis
"Prof. Octavia Sipes DDS",koch.arielle@lind.org,272.541.1872,835a461e-c514-31de-b93a-2cbc85b7e7b5,bertrand97,distinctio
"Kayden Swaniawski III",ehane@von.com,+1.458.845.3162,1583f9cd-068d-32c9-8744-1b1020e781a7,hayes.rhianna,enim
"Vita Hills",whodkiewicz@yahoo.com,971-574-1503,a12b4730-5450-3936-a3cb-7c5715f4c750,klocko.alyce,dignissimos
"Miss Jaunita Ruecker",bvon@connelly.com,234-481-6874,4b378f23-a175-32d6-be9f-5493726af187,jast.kendra,enim
"Timmothy Dare",zhermann@hoeger.biz,+1-219-813-0473,20f0ee21-1f10-3c65-9116-4c639a865532,reichel.hermann,tempore
"Everardo Goodwin",elouise.mccullough@stiedemann.com,+1.540.416.7070,a9d9a53c-6fa1-3608-a50e-2f967723e5f5,nmiller,officia
"Fred Christiansen",alaina.kunde@yahoo.com,"+1 (951) 579-6759",ea8ef0e6-9b63-369a-9a22-2c9999039a49,aufderhar.irwin,rem
"Dora Larkin",ottilie46@king.biz,1-731-746-5876,95add3f8-0215-3ee2-a684-626e5199fd97,fahey.mabelle,voluptate
"Fritz Feeney",jakubowski.bernardo@hotmail.com,+1.435.467.9816,277163b0-cc2e-3702-8011-5a64250fe7fd,hortense.howell,quia
"Miss Marilou Collier",huels.cathryn@hotmail.com,+1-843-585-1985,d1bf3460-f4ea-3313-a92f-f152ad02ef7f,yjast,est
"Dr. Evan Gerhold",hettinger.fay@nienow.biz,+1.440.718.9379,8eb6ed3c-7258-36ec-ab32-810ecc52fb73,mann.shana,possimus
"Domenica Harris IV",triston.stoltenberg@yahoo.com,"(678) 832-1728",c50c4a19-6c5e-34aa-aea1-96ef32b68eab,shansen,facere
"Leslie Lebsack PhD",schmitt.sincere@yahoo.com,520-493-5056,d6a2787c-3730-3a80-8ab9-8187e0874b24,beer.rahsaan,voluptatem
"Yolanda Mayer",alford29@bahringer.net,843-215-8234,8034dcba-dc63-37bb-8b07-7476824c8ba9,otto58,fugit
"Elissa Collier",fratke@bayer.com,+19066189306,8f98bdac-4135-3790-8ddd-cfdd86207597,jean13,omnis
"Lyla Wyman",rosetta.west@hotmail.com,1-573-917-6103,e3313953-597a-34a0-ab77-49c12d2c6762,kyler.rolfson,asperiores
,rkassulke@gmail.com,1-223-553-9974,84613c98-7085-3b4e-90ad-6e318652cdc0,jarrod16,quasi
"Dr. Ashleigh Sanford",emmanuel.erdman@oreilly.com,+1.574.931.4413,93d96196-be40-3050-a607-053849776459,schaden.rowan,qui
"Taya Considine",will76@gmail.com,"(614) 695-3578",2538b5e2-b58d-3400-b21f-a4d45b936fb7,mueller.tyreek,facere
"Mr. Salvatore Murphy",eheidenreich@lakin.info,423-377-5657,0202f3a9-bf8b-3b73-89f2-d587e105f1fe,aliya78,quam
"Thelma Kiehn",marty.reynolds@hotmail.com,1-832-848-5787,4bc225b5-6d2d-3138-a19a-780e7f2cd2c9,poconnell,perferendis
"Vinnie Bruen",turner.garrett@lowe.org,1-540-244-0735,dc93f27b-c438-3930-98d2-02e5fda7aca2,sherwood83,voluptate
"Prof. Skye Stehr",roberts.sandra@bartell.com,281.871.6689,fc72f859-5fdc-3b32-86ff-e2b7279cf85c,boyle.cecelia,temporibus
"Edwardo Weissnat",alize07@ruecker.com,859-206-4296,b2033cf0-e825-334a-8612-49fa9e178081,ophelia72,debitis
"Lincoln Kozey",mona17@becker.com,1-914-355-7370,189b5fb5-8502-37fd-ae5a-0951778f5db8,manley83,harum
"Blake Carter DDS",greenfelder.vernon@gmail.com,910.827.2317,f1ce7ca8-ff8b-3e39-bd39-9fa32e96a263,lueilwitz.ozella,iste
"Henriette Aufderhar",tyrell.kerluke@heidenreich.net,+1-364-863-0455,69b151f4-68c5-3225-bbb4-ea5a2429f0f5,vauer,rerum
"Emile Prohaska",johnston.andrew@bins.net,316-689-7401,72ceb7ce-7245-3c2f-80a0-1a9c37e70116,josianne76,rem
"Marjolaine Wunsch",dibbert.brennon@yahoo.com,+18625229760,2d967be0-2651-318c-a0c8-e4589e7bf848,erdman.muhammad,dolorem
"Andres Mueller",ortiz.julie@maggio.org,1-303-642-4955,8c8e0a5a-7a66-399a-9fc9-15bc2997d25c,pouros.parker,sit
"Miss Paige Adams I",emard.jett@waelchi.net,+1-931-733-3690,170bf8aa-d761-315a-a9b8-fffd8a33dd99,ntreutel,ea
"Constantin Johnson",langosh.stanton@gmail.com,219-389-8192,f9ae430e-23d2-3b4f-810b-a043256cecf5,marlee71,ducimus
"Oceane Marks",carroll46@hotmail.com,"+1 (930) 236-0016",4042b7c3-dfbf-3da7-9044-d8c916d7e5c8,einar.streich,est
"Mrs. Carolyne Sanford",stehr.dell@rowe.net,1-779-788-2263,2e35a65e-84cb-3fc8-a2ec-5a33d32768e9,alana91,animi
"Prof. Jarrell Prohaska",estell.terry@brakus.info,646-320-0711,f0856e99-ddc8-33c7-8865-28aca9f092eb,fbuckridge,mollitia
"Marlen Hermann",marks.frances@hotmail.com,+1.681.957.6164,,bill.wuckert,eum
"Mariah Gottlieb",abe11@dooley.com,"(575) 417-7256",fc96227a-6656-3ce7-ab7e-0f8fa752d2ea,kuhn.geovanni,veniam
"Miss Sadie Baumbach V",jmcclure@gulgowski.net,315-779-0579,cf99b2a9-a74e-3acd-99a3-50648bad9509,bhammes,sit
"Gilda Hoeger",winifred.dare@kertzmann.com,586-408-5503,1a684947-f7f6-3254-aa07-012038070ed8,winnifred14,ad
"Marshall Ratke I",kiehn.darrion@hotmail.com,"(781) 720-3803",a440f4c8-b72b-3b1d-b8ac-9fe166875ba0,laila.parisian,aut
"Lenny Altenwerth DDS",daphne.runolfsson@hotmail.com,+19035702208,0e40ffc6-cce4-3956-a68a-64f6b99d6c2c,torphy.beatrice,est
"Dr. Gaylord Fritsch Jr.",prosacco.jayce@howe.info,"(978) 461-6387",1b7cc7f5-754c-3709-8e55-34b2fafb5cb2,nestor.hermann,tempore
"Nicholas Homenick IV",ublanda@yahoo.com,334.486.0031,3350c009-8f0e-336b-ae7e-c6f2b70b043e,dayton.hahn,et
"Dr. Pete Morissette",annabel96@cummerata.net,"(956) 785-8837",dbae21cf-f9ca-3329-9769-d32fc9252c38,carroll.mya,dolore
"Mateo Kunde",margot55@mills.biz,1-315-230-6401,e2a4dd69-dc1d-3c4f-a20f-ddfcb80628f2,bdeckow,tempore
"Mervin Gutmann",dane.pfeffer@yahoo.com,606-839-2512,89687ca6-06f5-3bd6-8da7-4a7797d9281d,kasey74,error
"Efrain Oberbrunner",ekunde@yahoo.com,731.579.9804,f7b603dd-ab87-3bb3-8d6e-932ce78a66f7,brooklyn38,maiores
"Maximus Breitenberg",remington38@hotmail.com,912.951.6153,26b4eb1b-ca6d-3ef0-88eb-8dc7e8a583e9,jewell.ortiz,rerum
"Connie Walker",arthur29@gmail.com,"+1 (256) 871-4303",9d111e03-b138-30ec-89f7-78c36b284074,arnoldo.rice,suscipit
"Alan Sipes",zwuckert@cremin.com,"(478) 304-9161",26f1a1b7-25de-383c-a51b-057577e25b69,samara33,molestias
"Prof. Karelle Maggio MD",bruen.constantin@leuschke.com,315.591.4055,4802b279-5ce4-3dfc-9608-8744ea0f12e1,halvorson.june,tempore
"Anastacio Schinner II",oconner.cara@swaniawski.com,1-757-700-8942,82905085-c03a-349c-95ac-df31fc66fb4c,simonis.barton,expedita
"Theodore Schaefer",rod.marks@yahoo.com,209-819-4097,0328825e-ab45-3a9a-96cf-187197ffd4b1,sean.hyatt,facere
"Ashley Bahringer",fhayes@legros.net,626-837-8843,c20afd2b-8ab0-3321-b503-2b7c0e8af8f8,vfeest,consequatur
"Dr. Braden Howell",holden.adams@yahoo.com,"+1 (478) 867-3511",ae1a4535-f795-32cf-bf49-cd9b5e31554e,raoul16,eveniet
"Maci Cartwright",harris.rubye@champlin.biz,+17328363542,bf48e1e3-3067-35b9-bfa3-a1d8f3488f59,pasquale.boyle,cumque
"Keyshawn Ullrich",skiles.aglae@yahoo.com,+1-262-318-0823,420bbedd-132c-32b4-80ca-30922708441b,rhiannon.moen,magni
"Dr. Cecilia Hodkiewicz",janet59@bogan.com,+1-361-528-6141,79200039-7e7b-377c-9c10-1ea9f45df5f3,geraldine.kunze,sed
"Mr. Harley Bergnaum III",margarette.harber@bergstrom.com,+1-323-466-7550,4c3023c2-440f-3055-92c0-d29e68340e72,xweber,culpa
"Damian Glover",ehartmann@hotmail.com,"+1 (646) 832-8948",d94ba06b-8eb0-3678-859f-10b390a74df2,schmeler.nakia,suscipit
"Frida Will DDS",josue12@kiehn.info,1-231-796-2493,197adfce-d33d-3e16-b27e-270a87013a6c,stewart.daugherty,fuga
"Mateo Kunde",margot55@mills.biz,1-315-230-6401,e2a4d70-dc1d-3c4f-a20f-ddfcb80628f2,bdeckow,tempore